epoch,train_loss,val_acc,val_balanced_acc,val_f1,val_auroc,val_threshold,val_positive_rate,test_acc,test_balanced_acc,test_f1,test_auroc,test_positive_rate
1,0.7864451557397842,1.0,1.0,1.0,1.0,0.420028,0.5,0.9375,0.9375,0.9333333333333333,0.96875,0.4375
2,0.5519217029213905,1.0,1.0,1.0,1.0,0.400757,0.5,0.9375,0.9375,0.9333333333333333,0.96875,0.4375
